<!-- Document information for the Developer's Guide. -->

<!-- Updated by tools/make-version.py -->
<subtitle>For Wireshark 4.1</subtitle>

  <!-- <title><inlinegraphic entityref="WiresharkLogo" valign="middle" format="PNG"/> &DocumentTitle;</title> -->

<authorgroup>

  <author><firstname>Ulf</firstname><surname>Lamping</surname>
    <!-- <affiliation><orgname></orgname></affiliation> -->
    <email>ulf.lamping[AT]web.de</email>
  </author>

  <author><firstname>Luis</firstname><othername>E.</othername><othername>Garcia</othername><surname>Ontanon</surname>
    <!-- <affiliation><orgname></orgname></affiliation> -->
    <email>luis[AT]ontanon.org</email>
  </author>

  <author><firstname>Graham</firstname><surname>Bloice</surname>
    <!-- <affiliation><orgname></orgname></affiliation> -->
    <email>graham.bloice[AT]trihedral.com</email>
  </author>

</authorgroup>

<!--<edition>&DocumentEdition;</edition>
<pubdate>2008</pubdate>-->
<copyright><year>2004-2014</year>
  <holder>Ulf Lamping</holder>
  <holder>Luis E. Garcia Ontanon</holder>
  <holder>Graham Bloice</holder>
</copyright>

<revhistory>

<revision>
  <revnumber>1.1</revnumber>
  <date>28 Dec 2014</date>
  <authorinitials>gb</authorinitials>
  <revremark>Updated for 1.99.x and 2.0, move to VS2013.</revremark>
</revision>

<revision>
  <revnumber>1.0</revnumber>
  <date>2 Nov 2014</date>
  <authorinitials>gcc</authorinitials>
  <revremark>Moved Lua reference from User's Guide to Developer's Guide.</revremark>
</revision>

<revision>
  <revnumber>0.9</revnumber>
  <date>9 Feb 2014</date>
  <authorinitials>gcc</authorinitials>
  <revremark>Converted from DocBook to AsciiDoc.</revremark>
</revision>

<revision>
  <revnumber>0.5</revnumber>
  <date>21 Jan 2007</date>
  <authorinitials>ul</authorinitials>
  <revremark>Major redesign.</revremark>
</revision>

<revision>
  <revnumber>0.1</revnumber>
  <date>17 Aug 2004</date>
  <authorinitials>ul</authorinitials>
  <revremark>Initial version.</revremark>
</revision>

</revhistory>

<legalnotice>
    <simpara>
        Permission is granted to copy, distribute
        and/or modify this document under the terms of the GNU General Public
        License, Version 2 or any later version published by the Free Software
        Foundation.
    </simpara>
    <simpara>
        All logos and trademarks in this document are property of their
        respective owners.
    </simpara>
</legalnotice>
